{"cameraMode":{"drawMode":0,"name":"Shaded","section":"Shading Mode"},"sceneLighting":true,"audioPlay":false,"sceneViewState":{"showFog":true,"showMaterialUpdate":false,"showSkybox":true,"showFlares":true,"showImageEffects":true,"showParticleSystems":true},"in2DMode":false,"pivot":{"x":0.7195975184440613,"y":-1.4742867946624756,"z":-19.602968215942384},"rotation":{"x":0.2842317521572113,"y":-0.6204850077629089,"z":0.25790536403656008,"w":0.6839180588722229},"size":19.153667449951173,"orthographic":false}