{"cameraMode":{"drawMode":0,"name":"Shaded","section":"Shading Mode"},"sceneLighting":true,"audioPlay":false,"sceneViewState":{"showFog":true,"showMaterialUpdate":false,"showSkybox":true,"showFlares":true,"showImageEffects":true,"showParticleSystems":true},"in2DMode":false,"pivot":{"x":-7.337967395782471,"y":-1.0719672441482545,"z":-22.49800682067871},"rotation":{"x":0.24150939285755158,"y":-0.42440253496170046,"z":0.11857662349939347,"w":0.864608108997345},"size":7.15470027923584,"orthographic":false}